<?xml version="1.0" encoding="UTF-8"?>
<!DOCTYPE suite SYSTEM "http://testng.org/testng-1.0.dtd">
<suite name="EPM suite" parallel="tests">
  <test name="EPMTests" parallel="classes" thread-count="10">
  <classes>    
     <class name="com.frpa.hfm.EPMHFMScripts.Validate_EPMHFMTestSuite"></class>   
       
  </classes>
  </test>
  
 <!--   <test name="validatePandLDashBoard1">
  <parameter name="browser" value="firefox"/>
  <parameter name="port" value="4444"/>
  <parameter name="maxintances" value="2"/>
    <classes>
      <class name="com.frpa.obiee.HC.healthCheckScript.HealthCheck">
      </class>--> <!-- com.frpa.obiee.HC.healthCheckScript -->
  <!--  </classes>
  </test> -->  <!-- Default test -->
</suite> <!-- Default suite -->




